o,id,genre,danceability,energy,valence,tempo,loudness,mode,key,acousticness,instrumentalness,liveness,speechiness,explicit,duration_ms,popularity,year,release_date
26685,184502,Vocal,0.661,0.108,0.678,106.539,-20.662,1,10,0.986,0.696,0.178,0.0419,0,191427,19,1927,2353
26700,184502,Vocal,0.48,0.527,0.743,178.871,-10.784,1,1,0.673,0,0.956,0.657,0,171547,0,1942,2367
26421,184502,Vocal,0.393,0.108,0.19,99.908,-21.799,1,2,0.986,0.000272,0.683,0.068,0,138293,0,1945,2370
26562,184502,Vocal,0.561,0.436,0.605,74.821,-13.16,1,8,0.874,6.69E-05,0.915,0.127,0,333827,7,1949,2374
26846,184502,Vocal,0.495,0.731,0.68,93.16,-10.056,0,0,0.762,0.0594,0.98,0.0504,0,513907,6,1949,2374
26703,184502,Vocal,0.354,0.0851,0.197,97.684,-13.738,1,7,0.99,4.49E-06,0.123,0.0345,0,196667,52,1950,6624
26743,184502,Vocal,0.455,0.106,0.258,66.807,-14.086,1,2,0.986,0,0.122,0.0422,0,196440,52,1950,6624
26519,184502,Vocal,0.303,0.175,0.25,168.743,-14.203,0,1,0.974,1.32E-06,0.105,0.0378,0,197667,24,1950,6624
26644,184502,Vocal,0.41,0.0978,0.24,136.431,-14.359,0,4,0.986,1.38E-05,0.174,0.0321,0,195133,24,1950,6624
26735,184502,Vocal,0.635,0.0984,0.462,117.812,-12.335,0,10,0.984,0,0.0971,0.0509,0,196960,23,1950,6624
26655,184502,Vocal,0.48,0.0787,0.32,101.322,-13.021,1,8,0.99,0,0.149,0.032,0,167293,22,1950,6624
26750,184502,Vocal,0.424,0.109,0.471,179.219,-12.266,1,0,0.986,0,0.105,0.0427,0,189600,22,1950,6624
26772,184502,Vocal,0.491,0.0963,0.231,114.96,-15.266,1,10,0.993,0.000215,0.119,0.0334,0,207400,22,1950,6624
26734,184502,Vocal,0.548,0.392,0.658,82.386,-6.035,1,10,0.706,0,0.142,0.0416,0,150653,19,1953,2211
26762,184502,Vocal,0.27,0.343,0.409,76.424,-7.254,1,7,0.88,0,0.187,0.0358,0,188267,18,1953,2211
26672,184502,Vocal,0.503,0.467,0.831,136.953,-4.632,1,8,0.76,0,0.0835,0.093,0,137600,17,1953,2211
26733,184502,Vocal,0.445,0.424,0.675,147.958,-5.712,0,2,0.745,0,0.202,0.0489,0,179413,17,1953,2211
26696,184502,Vocal,0.357,0.301,0.265,69.73,-8.687,0,5,0.573,2.60E-06,0.347,0.0305,0,186573,16,1953,2211
26792,184502,Vocal,0.314,0.254,0.341,85.416,-10.237,1,5,0.672,0,0.407,0.0311,0,162067,16,1953,2211
26670,184502,Vocal,0.292,0.33,0.209,87.888,-9.156,1,1,0.878,2.47E-06,0.208,0.0326,0,148427,13,1953,2211
26721,184502,Vocal,0.574,0.594,0.818,138.645,-4.281,0,10,0.656,0,0.0705,0.0609,0,121240,13,1953,2211
26537,184502,Vocal,0.259,0.358,0.182,130.313,-8.464,1,1,0.867,2.91E-05,0.311,0.0322,0,189160,12,1953,2211
26488,184502,Vocal,0.358,0.123,0.318,111.688,-13.734,1,5,0.841,0,0.0817,0.0328,0,162160,9,1953,2211
26718,184502,Vocal,0.47,0.231,0.478,78.52,-8.209,1,8,0.819,0,0.237,0.0697,0,308773,6,1953,2211
26682,184502,Vocal,0.678,0.467,0.625,112.846,-5.177,0,5,0.814,0,0.11,0.0994,0,195427,49,1954,18
26680,184502,Vocal,0.564,0.465,0.544,118.713,-6.656,1,6,0.806,0,0.0868,0.0475,0,186027,47,1954,18
26447,184502,Vocal,0.779,0.329,0.516,116.689,-6.928,1,8,0.779,0,0.114,0.0398,0,194600,26,1954,18
26564,184502,Vocal,0.451,0.209,0.305,102.981,-7.462,1,10,0.955,0,0.202,0.0336,0,187760,25,1954,18
26408,184502,Vocal,0.388,0.0956,0.328,93.202,-12.133,0,0,0.988,2.10E-06,0.115,0.0344,0,240707,24,1954,2379
26482,184502,Vocal,0.589,0.575,0.877,129.283,-5.607,1,10,0.793,0,0.151,0.138,0,188120,24,1954,18
26572,184502,Vocal,0.44,0.107,0.17,71.061,-13.61,1,8,0.987,7.37E-06,0.118,0.0339,0,157347,20,1954,2379
26727,184502,Vocal,0.528,0.382,0.473,110.736,-5.963,0,5,0.916,0,0.231,0.0327,0,171000,20,1954,18
26489,184502,Vocal,0.695,0.14,0.536,116.467,-9.102,0,0,0.984,0,0.0839,0.0515,0,185253,19,1954,2379
26799,184502,Vocal,0.774,0.53,0.703,108.25,-4.208,1,0,0.752,0,0.412,0.0595,0,147520,18,1954,18
26865,184502,Vocal,0.456,0.103,0.288,103.939,-12.43,0,7,0.988,1.87E-06,0.107,0.0389,0,200280,18,1954,2379
26529,184502,Vocal,0.322,0.109,0.187,93.09,-14.793,1,10,0.989,0.000182,0.129,0.0312,0,187680,17,1954,2379
26544,184502,Vocal,0.508,0.156,0.302,134.275,-9.956,1,8,0.988,1.67E-05,0.143,0.0331,0,190080,17,1954,2379
26771,184502,Vocal,0.696,0.125,0.47,117.107,-11.725,1,7,0.99,2.08E-06,0.102,0.0426,0,159640,16,1954,2379
26528,184502,Vocal,0.39,0.0558,0.192,100.094,-16.564,1,8,0.991,0,0.118,0.0321,0,155880,15,1954,2379
26689,184502,Vocal,0.45,0.086,0.175,109.316,-13.089,1,5,0.986,0,0.0973,0.0385,0,184813,15,1954,2379
26816,184502,Vocal,0.341,0.0896,0.147,181.77,-11.489,1,7,0.989,0,0.134,0.0372,0,176187,15,1954,2379
26821,184502,Vocal,0.375,0.14,0.221,102.77,-12.327,1,8,0.991,4.34E-05,0.114,0.0301,0,214173,15,1954,2379
26832,184502,Vocal,0.344,0.183,0.105,127.114,-11.296,0,2,0.916,1.00E-06,0.0837,0.0339,0,174907,15,1954,18
26835,184502,Vocal,0.451,0.0809,0.166,68.781,-11.782,1,3,0.99,0,0.113,0.0353,0,228387,14,1954,2379
26646,184502,Vocal,0.685,0.805,0.723,94.078,-4.303,1,0,0.78,9.76E-06,0.197,0.166,0,152720,13,1954,18
26584,184502,Vocal,0.565,0.687,0.751,104.432,-4.653,0,0,0.744,0,0.19,0.071,0,182560,12,1954,18
26612,184502,Vocal,0.372,0.42,0.405,72.851,-7.918,0,5,0.792,0,0.103,0.0405,0,313173,12,1954,18
26531,184502,Vocal,0.416,0.172,0.504,163.447,-11.955,1,1,0.914,0,0.12,0.066,0,146973,24,1955,2380
26424,184502,Vocal,0.696,0.32,0.696,99.68,-10.529,1,8,0.759,0,0.0999,0.0483,0,179240,23,1955,19
26571,184502,Vocal,0.608,0.231,0.663,78.26,-8.351,1,0,0.767,0,0.0578,0.0399,0,174987,19,1955,2380
26812,184502,Vocal,0.252,0.203,0.325,79.139,-10.389,1,5,0.871,0,0.339,0.0313,0,185053,18,1955,2380
26449,184502,Vocal,0.214,0.154,0.221,88.575,-12.792,0,0,0.896,0,0.124,0.0314,0,185573,14,1955,2380
26794,184502,Vocal,0.374,0.301,0.39,72.97,-12.329,0,5,0.751,0,0.215,0.0428,0,311947,13,1955,19
26754,184502,Vocal,0.398,0.124,0.371,73.685,-14.468,1,10,0.975,0,0.104,0.0305,0,181147,12,1955,2380
26659,184502,Vocal,0.27,0.203,0.122,105.534,-11.555,1,5,0.973,2.60E-06,0.329,0.0332,0,188307,11,1955,2380
26856,184502,Vocal,0.407,0.122,0.232,69.552,-15.243,0,9,0.98,8.08E-05,0.317,0.0321,0,180787,11,1955,2380
26863,184502,Vocal,0.4,0.148,0.178,84.264,-13.739,0,2,0.953,0,0.087,0.0306,0,145267,9,1955,19
26692,184502,Vocal,0.248,0.218,0.232,99.175,-10.73,1,5,0.949,0,0.366,0.032,0,160347,8,1955,2380
26407,184502,Vocal,0.319,0.132,0.384,102.088,-15.904,1,8,0.98,0,0.0964,0.0317,0,180493,7,1955,2380
26454,184502,Vocal,0.389,0.245,0.378,78.369,-11.027,1,8,0.875,0,0.0854,0.0311,0,169147,7,1955,2380
26530,184502,Vocal,0.226,0.161,0.162,142.9,-15.564,1,10,0.949,0.000366,0.341,0.0338,0,192947,7,1955,2380
26704,184502,Vocal,0.29,0.176,0.325,69.778,-9.425,1,10,0.906,0,0.334,0.0286,0,163013,7,1955,2380
26707,184502,Vocal,0.344,0.108,0.263,61.188,-16.631,1,5,0.971,0,0.0961,0.0475,0,423493,57,1956,20
26706,184502,Vocal,0.184,0.292,0.143,75.63,-12.246,1,7,0.878,0.000258,0.346,0.0312,0,224227,55,1956,20
26708,184502,Vocal,0.188,0.192,0.145,86.169,-14.204,0,7,0.942,9.53E-06,0.166,0.0339,0,235200,54,1956,20
26787,184502,Vocal,0.43,0.278,0.415,113.579,-11.064,1,10,0.867,0,0.0892,0.0357,0,171533,51,1956,20
26713,184502,Vocal,0.442,0.202,0.406,116.909,-14.624,1,8,0.742,0,0.0641,0.0501,0,186040,49,1956,20
26760,184502,Vocal,0.466,0.0456,0.366,130.752,-20.84,1,8,0.877,0,0.129,0.0416,0,241613,49,1956,20
26791,184502,Vocal,0.329,0.16,0.232,80.359,-15.606,1,10,0.842,0.000101,0.146,0.0324,0,213920,46,1956,20
26783,184502,Vocal,0.263,0.146,0.21,98.913,-16.67,1,7,0.675,7.00E-04,0.352,0.031,0,299960,44,1956,20
26404,184502,Vocal,0.648,0.0526,0.324,78.655,-20.236,0,2,0.799,0,0.0856,0.0474,0,214373,38,1956,20
26605,184502,Vocal,0.693,0.217,0.822,80.577,-13.72,0,7,0.435,0,0.0707,0.0593,0,229880,36,1956,20
26589,184502,Vocal,0.457,0.0651,0.367,103.814,-19.429,0,0,0.661,0,0.169,0.0314,0,142520,34,1956,20
26433,184502,Vocal,0.152,0.208,0.148,80.211,-13.983,0,0,0.916,0.000113,0.0998,0.0354,0,193173,33,1956,20
26480,184502,Vocal,0.286,0.145,0.26,125.364,-17.956,1,0,0.601,1.30E-05,0.101,0.0358,0,159960,33,1956,20
26648,184502,Vocal,0.626,0.1,0.698,135.386,-14.999,0,7,0.675,0,0.0852,0.0523,0,163333,33,1956,20
26405,184502,Vocal,0.573,0.198,0.351,113.65,-12.542,1,7,0.729,0,0.148,0.0386,0,202880,32,1956,20
26437,184502,Vocal,0.437,0.235,0.648,126.051,-12.089,1,7,0.679,0,0.0914,0.0373,0,219040,32,1956,20
26462,184502,Vocal,0.438,0.385,0.529,82.536,-10.129,1,7,0.842,0,0.0793,0.07,0,203560,32,1956,20
26497,184502,Vocal,0.603,0.268,0.377,103.709,-14.564,1,8,0.681,0,0.0884,0.0446,0,208213,30,1956,20
26552,184502,Vocal,0.431,0.143,0.508,160.702,-13.605,0,9,0.648,0,0.0688,0.0517,0,212773,30,1956,20
26609,184502,Vocal,0.813,0.0978,0.632,111.587,-15.499,1,0,0.632,0,0.076,0.0678,0,198800,30,1956,20
26705,184502,Vocal,0.42,0.247,0.74,163.263,-11.38,1,7,0.682,0,0.0969,0.0335,0,119427,30,1956,20
26773,184502,Vocal,0.586,0.0652,0.54,119.287,-16.049,1,0,0.791,0,0.162,0.0389,0,104360,30,1956,20
26563,184502,Vocal,0.351,0.114,0.32,92.602,-15.386,0,5,0.804,0,0.212,0.0335,0,353160,29,1956,20
26591,184502,Vocal,0.215,0.231,0.235,88.373,-12.775,1,0,0.909,0,0.178,0.0304,0,226907,29,1956,20
26595,184502,Vocal,0.612,0.169,0.78,141.885,-13.643,1,7,0.702,0,0.092,0.0372,0,125480,29,1956,20
26634,184502,Vocal,0.337,0.125,0.241,114.51,-17.522,0,0,0.8,1.66E-06,0.115,0.0374,0,196960,29,1956,20
26590,184502,Vocal,0.222,0.162,0.204,78.02,-17.964,1,7,0.774,0.000129,0.684,0.0364,0,231480,28,1956,20
26601,184502,Vocal,0.498,0.194,0.568,136.818,-14.703,0,7,0.77,0,0.137,0.0652,0,215627,28,1956,20
26677,184502,Vocal,0.254,0.0249,0.208,75.281,-25.738,1,2,0.944,2.50E-06,0.143,0.045,0,205760,28,1956,20
26502,184502,Vocal,0.424,0.0146,0.132,127.113,-23.344,0,0,0.942,0,0.102,0.0409,0,204440,27,1956,20
26524,184502,Vocal,0.601,0.285,0.476,74.237,-11.117,1,0,0.748,0,0.0468,0.0668,0,164120,27,1956,20
26560,184502,Vocal,0.332,0.215,0.314,124.163,-13.3,1,3,0.716,1.34E-06,0.205,0.0323,0,231667,27,1956,20
26583,184502,Vocal,0.631,0.233,0.864,74.708,-13.307,1,8,0.643,0,0.069,0.0461,0,170933,27,1956,20
26777,184502,Vocal,0.371,0.184,0.736,178.996,-12.785,0,0,0.659,0,0.0636,0.0443,0,198867,26,1956,20
26802,184502,Vocal,0.395,0.267,0.774,179.982,-12.485,0,0,0.512,0,0.0433,0.0605,0,188840,26,1956,20
26709,184502,Vocal,0.249,0.245,0.341,87.295,-12.987,1,10,0.719,0,0.357,0.0327,0,248040,25,1956,20
26780,184502,Vocal,0.349,0.271,0.631,174.373,-11.924,1,7,0.379,0,0.177,0.0393,0,201627,25,1956,20
26782,184502,Vocal,0.206,0.156,0.17,95.144,-16.334,1,10,0.869,3.56E-06,0.315,0.0321,0,194227,25,1956,20
26786,184502,Vocal,0.259,0.166,0.129,100.083,-13.765,1,10,0.942,1.11E-05,0.156,0.0323,0,221133,25,1956,20
26797,184502,Vocal,0.424,0.0123,0.182,127.436,-24.386,0,0,0.983,0,0.11,0.0449,0,182453,25,1956,20
26434,184502,Vocal,0.468,0.0576,0.271,45.106,-16.682,0,5,0.973,0,0.117,0.033,0,166387,24,1956,20
26779,184502,Vocal,0.16,0.212,0.219,84.049,-12.826,0,0,0.906,1.11E-06,0.197,0.0333,0,219827,24,1956,20
26811,184502,Vocal,0.221,0.189,0.164,78.794,-16.002,1,0,0.85,0.000194,0.385,0.0339,0,305813,24,1956,20
26631,184502,Vocal,0.294,0.0746,0.214,70.091,-16.322,1,0,0.968,0.000106,0.114,0.0323,0,248293,23,1956,20
26468,184502,Vocal,0.726,0.109,0.512,107.903,-13.355,1,7,0.806,0,0.105,0.0598,0,216613,22,1956,20
26431,184502,Vocal,0.242,0.192,0.237,75.823,-16.322,1,8,0.894,5.55E-06,0.112,0.0395,0,182587,21,1956,20
26513,184502,Vocal,0.546,0.396,0.641,147.087,-10.497,1,3,0.848,0,0.19,0.0597,0,157720,21,1956,20
26639,184502,Vocal,0.407,0.0772,0.242,96.137,-21.237,0,4,0.983,9.31E-06,0.122,0.0441,0,91320,21,1956,20
26679,184502,Vocal,0.279,0.209,0.124,133.456,-11.986,1,0,0.902,0,0.0955,0.0306,0,248027,21,1956,20
26473,184502,Vocal,0.179,0.19,0.181,60.471,-12.866,1,0,0.742,9.99E-06,0.0856,0.0359,0,219627,20,1956,20
26515,184502,Vocal,0.494,0.382,0.699,126.272,-9.058,1,2,0.628,0,0.295,0.0373,0,177853,20,1956,20
26585,184502,Vocal,0.148,0.303,0.223,76.512,-12.124,1,10,0.878,1.50E-06,0.14,0.0322,0,248160,20,1956,20
26629,184502,Vocal,0.357,0.248,0.36,135.029,-10.8,1,7,0.878,0,0.3,0.032,0,135147,20,1956,20
26657,184502,Vocal,0.275,0.213,0.208,88.891,-11.257,1,0,0.952,0,0.157,0.0283,0,185093,20,1956,20
26683,184502,Vocal,0.285,0.339,0.42,169.438,-9.852,1,7,0.775,0,0.0496,0.0437,0,197747,20,1956,20
26415,184502,Vocal,0.421,0.221,0.661,174.589,-12.949,0,5,0.589,0,0.103,0.072,0,202667,19,1956,20
26576,184502,Vocal,0.473,0.241,0.621,115.46,-11.024,1,8,0.899,0,0.151,0.0413,0,124960,19,1956,20
26614,184502,Vocal,0.256,0.245,0.14,85.411,-11.405,1,2,0.925,0,0.336,0.0323,0,169173,19,1956,20
26618,184502,Vocal,0.282,0.263,0.251,96.79,-13.473,0,7,0.516,0,0.0882,0.0332,0,167960,19,1956,20
26656,184502,Vocal,0.557,0.206,0.671,119.284,-13.954,1,10,0.867,0,0.108,0.0397,0,151547,19,1956,20
26697,184502,Vocal,0.501,0.407,0.854,118.025,-9.123,1,0,0.752,0,0.221,0.0476,0,133560,19,1956,20
26396,184502,Vocal,0.258,0.199,0.192,78.611,-11.255,1,10,0.859,0,0.281,0.0352,0,248267,18,1956,20
26494,184502,Vocal,0.23,0.163,0.182,87.064,-13.56,1,0,0.944,3.20E-06,0.122,0.0302,0,234693,18,1956,20
26450,184502,Vocal,0.569,0.151,0.562,119.531,-16.009,1,10,0.957,3.42E-05,0.0948,0.0448,0,114867,17,1956,20
26686,184502,Vocal,0.47,0.425,0.693,171.351,-9.99,1,2,0.801,0,0.0713,0.0741,0,192920,17,1956,20
26862,184502,Vocal,0.491,0.324,0.365,144.888,-8.516,1,8,0.862,0,0.0967,0.0792,0,162400,16,1956,20
26652,184502,Vocal,0.428,0.476,0.464,82.664,-6.931,1,2,0.621,0,0.136,0.0514,0,194720,15,1956,20
26807,184502,Vocal,0.361,0.116,0.154,100.603,-15.332,0,2,0.965,5.75E-06,0.968,0.0398,0,327173,4,1956,2381
26435,184502,Vocal,0.443,0.104,0.394,76.497,-17.042,1,0,0.913,0,0.191,0.101,0,185160,71,1957,21
26501,184502,Vocal,0.654,0.309,0.599,123.251,-13.485,1,3,0.818,0,0.315,0.168,0,251600,55,1957,2771
26419,184502,Vocal,0.425,0.0469,0.154,135.335,-18.612,0,7,0.955,0,0.137,0.0354,0,356627,54,1957,2771
26553,184502,Vocal,0.576,0.444,0.703,87.413,-12.003,0,7,0.59,0,0.0917,0.111,0,234987,46,1957,2771
26486,184502,Vocal,0.644,0.305,0.691,164.182,-12.244,0,5,0.882,0,0.318,0.169,0,157240,45,1957,21
26527,184502,Vocal,0.33,0.0159,0.22,71.022,-21.167,0,4,0.988,5.38E-06,0.109,0.0409,0,168347,45,1957,21
26594,184502,Vocal,0.43,0.356,0.496,91.765,-11.444,1,0,0.564,0,0.0841,0.0542,0,404880,45,1957,21
26701,184502,Vocal,0.53,0.27,0.515,110.844,-11.251,0,5,0.91,0,0.312,0.0365,0,168773,45,1957,21
26711,184502,Vocal,0.562,0.159,0.466,102.599,-13.208,1,7,0.846,0,0.329,0.046,0,237813,43,1957,2771
26732,184502,Vocal,0.452,0.027,0.182,126.274,-19.02,0,0,0.984,0,0.0981,0.0466,0,180440,42,1957,21
26582,184502,Vocal,0.497,0.212,0.345,97.258,-14.101,0,5,0.722,0,0.186,0.0477,0,299693,41,1957,2771
26607,184502,Vocal,0.439,0.153,0.317,57.285,-17.529,0,0,0.783,0,0.289,0.115,0,521200,41,1957,2771
26546,184502,Vocal,0.449,0.0426,0.167,119.857,-18.589,1,8,0.981,0,0.117,0.0441,0,456493,35,1957,2771
26596,184502,Vocal,0.443,0.33,0.699,175.121,-14.895,1,8,0.51,0,0.0999,0.171,0,283693,35,1957,2771
26598,184502,Vocal,0.595,0.0937,0.414,98.918,-15.269,1,0,0.917,0,0.0999,0.0391,0,209160,35,1957,21
26491,184502,Vocal,0.51,0.448,0.737,97.215,-9.403,1,0,0.613,0,0.433,0.0459,0,320067,34,1957,21
26558,184502,Vocal,0.505,0.381,0.647,104.21,-14.681,1,1,0.763,0,0.216,0.225,0,312413,32,1957,2771
26573,184502,Vocal,0.467,0.261,0.556,88.841,-11.088,1,2,0.621,0,0.0919,0.0436,0,235227,32,1957,21
26749,184502,Vocal,0.312,0.0855,0.116,92.164,-18.172,0,4,0.919,0,0.0866,0.0352,0,174293,32,1957,21
26518,184502,Vocal,0.567,0.379,0.739,144.293,-12.373,1,0,0.657,0,0.103,0.11,0,254747,31,1957,21
26739,184502,Vocal,0.664,0.207,0.514,85.423,-13.325,1,8,0.817,0,0.123,0.0525,0,251800,30,1957,2771
26751,184502,Vocal,0.523,0.427,0.784,110.577,-11.556,1,0,0.774,0,0.448,0.0766,0,189040,30,1957,2771
26796,184502,Vocal,0.45,0.0432,0.199,116.657,-19.613,1,0,0.938,0,0.132,0.041,0,460653,30,1957,21
26844,184502,Vocal,0.688,0.259,0.551,133.844,-10.202,1,2,0.926,0,0.144,0.0472,0,145533,30,1957,2771
26651,184502,Vocal,0.565,0.533,0.747,105.656,-9.98,0,0,0.726,0,0.147,0.0977,0,181253,29,1957,21
26723,184502,Vocal,0.223,0.0594,0.183,98.521,-20.51,0,11,0.957,0.000648,0.268,0.043,0,135360,29,1957,21
26808,184502,Vocal,0.137,0.153,0.108,78.191,-18.667,1,10,0.87,8.77E-05,0.109,0.0387,0,240040,29,1957,21
26834,184502,Vocal,0.616,0.199,0.498,117.079,-13.364,1,0,0.873,0,0.15,0.125,0,226440,29,1957,2771
26401,184502,Vocal,0.458,0.303,0.592,81.739,-12.238,1,7,0.816,0,0.152,0.0967,0,201760,28,1957,21
26406,184502,Vocal,0.469,0.138,0.452,74.16,-13.22,0,5,0.83,0,0.279,0.0587,0,308173,28,1957,21
26451,184502,Vocal,0.572,0.178,0.484,84.821,-14.665,1,7,0.875,0,0.447,0.0573,0,431360,28,1957,2771
26417,184502,Vocal,0.475,0.327,0.608,83.111,-12.78,0,0,0.789,0,0.282,0.186,0,206120,27,1957,2771
26438,184502,Vocal,0.674,0.163,0.363,90.768,-14.791,0,0,0.711,0,0.102,0.124,0,258547,27,1957,2771
26470,184502,Vocal,0.382,0.198,0.287,141.571,-15.352,1,8,0.789,0,0.0595,0.038,0,431107,27,1957,21
26806,184502,Vocal,0.338,0.0359,0.195,96.566,-19.363,1,7,0.99,4.38E-06,0.129,0.0353,0,194173,27,1957,21
26414,184502,Vocal,0.611,0.309,0.532,132.407,-11.752,1,7,0.708,0,0.167,0.0499,0,207467,26,1957,21
26439,184502,Vocal,0.47,0.0423,0.147,61.928,-20.223,1,7,0.952,0.000698,0.121,0.0486,0,320920,25,1957,21
26484,184502,Vocal,0.335,0.0168,0.0858,59.141,-19.669,1,3,0.988,0,0.177,0.0343,0,221400,25,1957,2771
26587,184502,Vocal,0.642,0.17,0.369,74.122,-17.79,0,5,0.628,0,0.12,0.0792,0,236560,24,1957,2771
26681,184502,Vocal,0.352,0.0923,0.197,102.226,-18.726,1,7,0.968,0,0.95,0.0424,0,181040,24,1957,21
26459,184502,Vocal,0.3,0.0102,0.143,86.456,-25.611,1,7,0.986,0.00324,0.0926,0.0334,0,128880,23,1957,21
26464,184502,Vocal,0.634,0.289,0.72,117.681,-10.367,1,5,0.688,0,0.286,0.0395,0,230867,22,1957,21
26452,184502,Vocal,0.423,0.222,0.331,80.189,-10.763,1,0,0.743,0,0.0657,0.0658,0,283147,21,1957,21
26485,184502,Vocal,0.527,0.169,0.379,80.262,-13.606,1,5,0.749,0,0.131,0.0313,0,302160,21,1957,21
26842,184502,Vocal,0.58,0.181,0.466,64.618,-18.002,0,5,0.578,0,0.208,0.13,0,257453,21,1957,2771
26436,184502,Vocal,0.294,0.108,0.114,87.148,-14.865,1,10,0.944,1.79E-05,0.103,0.0354,0,374880,20,1957,21
26463,184502,Vocal,0.439,0.0695,0.196,121.575,-17.333,1,5,0.943,6.35E-06,0.133,0.0396,0,331213,19,1957,21
26833,184502,Vocal,0.496,0.0814,0.406,80.453,-16.262,1,0,0.862,0,0.108,0.0389,0,214093,19,1957,21
26838,184502,Vocal,0.504,0.407,0.733,137.902,-12.425,1,5,0.634,0,0.302,0.0449,0,206627,19,1957,21
26690,184502,Vocal,0.16,0.153,0.11,171.749,-14.925,1,7,0.979,0.000234,0.346,0.0353,0,190933,18,1957,21
26503,184502,Vocal,0.326,0.021,0.203,100.838,-23.621,1,9,0.992,0.00161,0.0818,0.035,0,144480,17,1957,21
26599,184502,Vocal,0.19,0.184,0.0908,89.594,-14.029,1,0,0.932,8.63E-05,0.229,0.0348,0,239867,17,1957,21
26637,184502,Vocal,0.462,0.369,0.774,97.738,-12.505,1,10,0.624,0,0.196,0.0442,0,376773,17,1957,21
26467,184502,Vocal,0.361,0.102,0.158,118.959,-14.67,0,2,0.948,2.41E-05,0.104,0.0364,0,253973,16,1957,21
26481,184502,Vocal,0.51,0.448,0.737,97.215,-9.403,1,0,0.613,0,0.433,0.0459,0,320067,16,1957,21
26509,184502,Vocal,0.419,0.147,0.339,71.421,-14.66,1,8,0.94,1.28E-05,0.11,0.0364,0,251507,16,1957,21
26539,184502,Vocal,0.429,0.157,0.209,125.212,-14.926,1,1,0.854,0,0.104,0.0354,0,264160,16,1957,21
26597,184502,Vocal,0.64,0.236,0.688,130.416,-11.646,0,7,0.763,0,0.469,0.0722,0,183680,16,1957,21
26427,184502,Vocal,0.222,0.0876,0.0954,61.274,-18.227,1,3,0.991,0.0303,0.291,0.045,0,238440,15,1957,21
26461,184502,Vocal,0.392,0.205,0.373,212.242,-13.366,1,8,0.829,0,0.0901,0.0522,0,241160,15,1957,21
26483,184502,Vocal,0.533,0.291,0.685,88.097,-11.732,0,9,0.71,0,0.173,0.0428,0,160133,15,1957,21
26520,184502,Vocal,0.4,0.214,0.196,111.429,-14.004,1,0,0.808,0.00113,0.152,0.0338,0,207467,15,1957,21
26764,184502,Vocal,0.286,0.109,0.128,142.154,-16.118,0,5,0.985,0.000465,0.33,0.0355,0,211893,15,1957,21
26496,184502,Vocal,0.28,0.0968,0.133,89.701,-15.969,1,8,0.989,0.00378,0.145,0.0343,0,174933,14,1957,21
26712,184502,Vocal,0.333,0.0622,0.223,66.801,-20.285,1,10,0.952,1.65E-06,0.132,0.0433,0,256947,14,1957,21
26554,184502,Vocal,0.324,0.237,0.327,68.311,-12.311,1,0,0.807,5.84E-06,0.157,0.0371,0,256173,13,1957,21
26755,184502,Vocal,0.632,0.18,0.353,90.194,-13.403,1,5,0.765,0,0.105,0.116,0,257293,13,1957,661
26798,184502,Vocal,0.319,0.0677,0.145,78.264,-17.779,1,8,0.989,0.00288,0.102,0.0386,0,166667,13,1957,21
26699,184502,Vocal,0.219,0.0453,0.0837,87.104,-19.087,1,7,0.991,0.00314,0.187,0.0372,0,197240,12,1957,21
26744,184502,Vocal,0.445,0.0604,0.221,129.281,-17.042,1,0,0.958,2.76E-06,0.151,0.0417,0,462427,12,1957,21
26763,184502,Vocal,0.334,0.0873,0.121,89.753,-17.841,0,8,0.991,0.0746,0.298,0.0412,0,201667,12,1957,21
26778,184502,Vocal,0.555,0.306,0.501,111.056,-10.288,0,2,0.737,0,0.145,0.0387,0,176347,12,1957,21
26869,184502,Vocal,0.391,0.44,0.696,168.492,-12.372,0,7,0.518,1.97E-05,0.216,0.065,0,288320,12,1957,21
26874,184502,Vocal,0.183,0.194,0.184,85.545,-16.423,1,5,0.961,0.0414,0.0711,0.0373,0,206547,12,1957,21
26567,184502,Vocal,0.296,0.151,0.13,122.98,-13.627,0,7,0.984,0.00024,0.0883,0.0361,0,208133,10,1957,21
26716,184502,Vocal,0.235,0.115,0.204,74.606,-15.707,1,10,0.954,0,0.184,0.0446,0,198693,10,1957,21
26840,184502,Vocal,0.348,0.178,0.271,102.091,-17.22,0,8,0.957,0.224,0.376,0.0315,0,176840,10,1957,21
26556,184502,Vocal,0.273,0.13,0.135,105.857,-15.126,1,5,0.961,1.01E-06,0.269,0.033,0,194627,9,1957,21
26654,184502,Vocal,0.231,0.14,0.168,169.161,-14.626,1,5,0.949,1.74E-05,0.121,0.0418,0,188000,9,1957,21
26748,184502,Vocal,0.317,0.0965,0.088,120.709,-14.877,1,10,0.972,3.78E-06,0.0784,0.0386,0,351627,9,1957,21
26809,184502,Vocal,0.312,0.0935,0.205,140.377,-18.779,1,0,0.981,0.0021,0.129,0.0386,0,238800,9,1957,21
26647,184502,Vocal,0.172,0.0696,0.103,167.974,-21.295,0,11,0.916,0.00199,0.137,0.0339,0,298133,66,1958,22
26557,184502,Vocal,0.632,0.202,0.488,134.298,-13.068,0,2,0.766,0,0.146,0.0587,0,228067,36,1958,22
26626,184502,Vocal,0.615,0.186,0.749,73.007,-12.382,0,0,0.675,0,0.194,0.0508,0,138320,34,1958,22
26720,184502,Vocal,0.2,0.154,0.0823,67.782,-15.898,0,2,0.963,0.000687,0.104,0.0397,0,181040,32,1958,22
26817,184502,Vocal,0.227,0.0274,0.25,93.756,-23.923,0,5,0.987,0.000703,0.107,0.0397,0,114853,32,1958,22
26858,184502,Vocal,0.573,0.275,0.588,140.9,-10.684,1,8,0.84,0,0.196,0.0534,0,148267,31,1958,22
26698,184502,Vocal,0.134,0.151,0.0388,76.52,-15.936,1,1,0.903,0.784,0.353,0.0396,0,650667,30,1958,22
26868,184502,Vocal,0.632,0.169,0.377,113.255,-13.885,1,10,0.94,0,0.109,0.0803,0,209013,30,1958,22
26873,184502,Vocal,0.316,0.108,0.197,129.43,-16.967,1,8,0.946,4.72E-06,0.198,0.0372,0,276440,30,1958,22
26617,184502,Vocal,0.568,0.176,0.488,125.192,-12.487,1,8,0.871,0,0.0878,0.0405,0,149080,29,1958,22
26871,184502,Vocal,0.411,0.158,0.37,137.616,-13.133,0,5,0.851,0,0.126,0.0392,0,178293,29,1958,22
26397,184502,Vocal,0.263,0.147,0.194,168.621,-15.012,1,0,0.92,0,0.108,0.0397,0,198120,27,1958,22
26416,184502,Vocal,0.586,0.254,0.575,80.834,-16.078,1,8,0.643,0,0.209,0.0572,0,231133,27,1958,22
26492,184502,Vocal,0.156,0.0534,0.0532,78.424,-18.824,1,1,0.945,0.00294,0.112,0.0374,0,240693,27,1958,22
26663,184502,Vocal,0.446,0.109,0.316,109.482,-17.778,0,5,0.841,0,0.28,0.0422,0,393867,27,1958,22
26702,184502,Vocal,0.234,0.108,0.0762,138.577,-18.925,1,9,0.888,4.29E-06,0.204,0.0364,0,328040,26,1958,22
26753,184502,Vocal,0.245,0.115,0.14,172.544,-15.982,1,5,0.964,1.60E-06,0.0863,0.0345,0,228667,26,1958,22
26550,184502,Vocal,0.352,0.0878,0.255,79.818,-15.694,1,1,0.932,0,0.559,0.0384,0,177133,25,1958,22
26403,184502,Vocal,0.443,0.202,0.598,130.599,-14.116,0,5,0.819,0,0.384,0.036,0,119667,24,1958,22
26606,184502,Vocal,0.505,0.284,0.549,140.14,-15.252,0,4,0.608,0,0.337,0.0695,0,287000,24,1958,22
26523,184502,Vocal,0.314,0.133,0.154,87.915,-15.185,1,8,0.944,3.11E-05,0.0823,0.0332,0,191333,23,1958,22
26635,184502,Vocal,0.317,0.0303,0.205,78.729,-21.376,1,3,0.971,0,0.086,0.0351,0,119827,23,1958,22
26636,184502,Vocal,0.234,0.0684,0.192,103.588,-20.022,0,11,0.96,0.00641,0.246,0.0403,0,138560,23,1958,22
26717,184502,Vocal,0.431,0.284,0.536,82.304,-15.028,1,2,0.744,0,0.0865,0.0304,0,177667,23,1958,22
26800,184502,Vocal,0.512,0.229,0.478,95.571,-11.569,1,8,0.93,0,0.0955,0.0411,0,184720,23,1958,22
26843,184502,Vocal,0.481,0.303,0.685,159.452,-14.151,1,7,0.75,0,0.139,0.193,0,293640,23,1958,22
26854,184502,Vocal,0.349,0.126,0.259,152.063,-18.252,1,5,0.925,0.000801,0.215,0.0362,0,209107,23,1958,22
26425,184502,Vocal,0.255,0.164,0.163,135.494,-17.262,0,11,0.911,0.000713,0.189,0.0346,0,155933,22,1958,22
26623,184502,Vocal,0.211,0.0233,0.172,81.911,-23.729,1,2,0.981,0.000443,0.122,0.0415,0,158560,22,1958,1926
26476,184502,Vocal,0.623,0.131,0.374,143.606,-13.812,1,5,0.845,0,0.178,0.0509,0,156467,19,1958,22
26400,184502,Vocal,0.508,0.29,0.608,136.481,-11.067,1,0,0.718,0,0.0648,0.0517,0,145453,18,1958,22
26859,184502,Vocal,0.41,0.0655,0.192,122.674,-19.557,1,10,0.975,0,0.107,0.0425,0,188973,18,1958,22
26478,184502,Vocal,0.28,0.152,0.127,126.358,-14.809,1,5,0.936,1.03E-05,0.107,0.0352,0,198773,14,1958,22
26504,184502,Vocal,0.55,0.74,0.78,142.232,-5.529,1,8,0.734,0,0.994,0.357,0,274067,14,1958,22
26533,184502,Vocal,0.491,0.338,0.77,169.112,-9.717,1,3,0.785,0,0.0836,0.0663,0,164520,14,1958,22
26600,184502,Vocal,0.403,0.0742,0.168,128.248,-15.747,0,7,0.934,6.68E-06,0.0879,0.0454,0,210920,14,1958,22
26628,184502,Vocal,0.459,0.226,0.56,165.013,-11.295,0,7,0.553,3.84E-06,0.503,0.0763,0,175253,14,1958,22
26641,184502,Vocal,0.611,0.199,0.505,144.584,-10.526,1,8,0.866,0,0.105,0.0792,0,155893,14,1958,22
26710,184502,Vocal,0.518,0.136,0.23,75.569,-12.289,0,10,0.879,0,0.0688,0.0346,0,222280,14,1958,22
26813,184502,Vocal,0.527,0.106,0.254,101.613,-13.343,1,0,0.861,0,0.0929,0.0387,0,154107,14,1958,22
26399,184502,Vocal,0.63,0.138,0.513,117.245,-14.608,1,10,0.917,0,0.0907,0.0679,0,153507,13,1958,22
26444,184502,Vocal,0.613,0.174,0.407,122.167,-14.402,1,7,0.845,0,0.0642,0.0918,0,226613,13,1958,22
26541,184502,Vocal,0.554,0.284,0.564,106.798,-10.503,0,5,0.892,0.000435,0.0738,0.035,0,181213,13,1958,22
26579,184502,Vocal,0.632,0.148,0.286,120.299,-13.635,1,7,0.892,0,0.0911,0.0492,0,183293,13,1958,22
26715,184502,Vocal,0.593,0.199,0.689,155.754,-11.102,0,5,0.77,0,0.0982,0.0795,0,139667,13,1958,22
26742,184502,Vocal,0.226,0.128,0.0945,88.303,-14.806,1,10,0.964,1.14E-06,0.212,0.0359,0,197693,13,1958,22
26826,184502,Vocal,0.287,0.0985,0.212,72.557,-16.66,1,10,0.975,2.91E-06,0.106,0.0321,0,197347,13,1958,22
26466,184502,Vocal,0.587,0.346,0.607,140.109,-10.993,1,1,0.749,0,0.0413,0.101,0,227787,12,1958,22
26516,184502,Vocal,0.536,0.28,0.638,173.53,-10.533,1,0,0.506,1.31E-06,0.246,0.117,0,166093,12,1958,22
26526,184502,Vocal,0.483,0.264,0.371,99.783,-10.718,1,5,0.789,0,0.108,0.032,0,192893,12,1958,22
26542,184502,Vocal,0.576,0.137,0.333,90.676,-11.509,1,10,0.824,0,0.0953,0.034,0,224360,12,1958,22
26561,184502,Vocal,0.632,0.263,0.539,118.841,-11.066,1,5,0.849,0,0.353,0.0659,0,150160,12,1958,22
26616,184502,Vocal,0.576,0.15,0.371,111.284,-14.732,1,8,0.921,0,0.132,0.0388,0,168507,12,1958,22
26684,184502,Vocal,0.441,0.269,0.375,55.034,-9.621,1,3,0.962,1.10E-06,0.855,0.061,0,146600,12,1958,22
26725,184502,Vocal,0.608,0.18,0.482,125.986,-14.175,1,7,0.936,0,0.102,0.0571,0,144960,12,1958,22
26810,184502,Vocal,0.54,0.473,0.639,114.55,-7.426,1,1,0.721,1.88E-06,0.736,0.114,0,308133,12,1958,22
26814,184502,Vocal,0.595,0.173,0.492,112.97,-13.169,1,10,0.869,0,0.34,0.0363,0,159920,12,1958,22
26422,184502,Vocal,0.671,0.314,0.742,138.569,-12.132,0,10,0.629,0,0.0972,0.285,0,142707,11,1958,22
26510,184502,Vocal,0.604,0.165,0.255,75.8,-12.427,1,7,0.855,0,0.106,0.0498,0,160987,11,1958,22
26570,184502,Vocal,0.701,0.153,0.324,110.254,-13.614,1,1,0.745,0,0.3,0.0581,0,170533,11,1958,22
26615,184502,Vocal,0.386,0.759,0.875,156.852,-2.816,0,11,0.82,0,0.765,0.0968,0,104413,11,1958,22
26643,184502,Vocal,0.357,0.549,0.793,184.152,-8.457,0,0,0.798,0,0.269,0.422,0,146853,11,1958,22
26745,184502,Vocal,0.155,0.124,0.169,82.408,-17.121,1,10,0.953,0.000774,0.119,0.0372,0,215533,11,1958,22
26756,184502,Vocal,0.397,0.395,0.316,98.107,-5.745,0,4,0.9,0,0.818,0.0373,0,268093,11,1958,22
26788,184502,Vocal,0.607,0.162,0.5,133.224,-13.271,1,8,0.898,0,0.112,0.0559,0,180373,11,1958,22
26402,184502,Vocal,0.185,0.172,0.106,82.57,-14.609,1,8,0.967,4.37E-06,0.364,0.035,0,192387,10,1958,22
26535,184502,Vocal,0.583,0.48,0.664,113.99,-5.256,0,5,0.79,0,0.908,0.046,0,242320,10,1958,22
26650,184502,Vocal,0.624,0.524,0.783,110.267,-5.407,1,3,0.776,0,0.975,0.0688,0,146467,10,1958,22
26728,184502,Vocal,0.469,0.203,0.297,86.959,-12.694,1,0,0.966,2.48E-05,0.104,0.0422,0,183347,10,1958,22
26837,184502,Vocal,0.64,0.121,0.259,88.388,-13.066,1,5,0.783,0,0.111,0.056,0,249840,10,1958,22
26409,184502,Vocal,0.285,0.216,0.212,85.242,-11.297,1,0,0.873,1.62E-05,0.201,0.0356,0,225640,9,1958,22
26411,184502,Vocal,0.284,0.425,0.203,93.49,-4.762,0,0,0.91,1.64E-06,0.623,0.0302,0,267187,9,1958,22
26522,184502,Vocal,0.543,0.173,0.371,90.087,-12.271,1,10,0.842,0,0.289,0.0755,0,224093,9,1958,22
26581,184502,Vocal,0.572,0.525,0.858,129.109,-4.721,0,5,0.767,0,0.915,0.0974,0,143160,9,1958,22
26642,184502,Vocal,0.255,0.207,0.155,85.248,-11.942,0,9,0.955,1.14E-05,0.541,0.0436,0,257147,9,1958,22
26662,184502,Vocal,0.382,0.303,0.28,131.143,-11.366,1,11,0.727,0,0.334,0.0368,0,274613,9,1958,22
26866,184502,Vocal,0.328,0.301,0.22,103.447,-8.933,0,2,0.936,2.45E-06,0.702,0.0315,0,269320,9,1958,22
26803,184502,Vocal,0.683,0.204,0.501,75.608,-11.304,1,0,0.676,0,0.06,0.09,0,186040,8,1958,22
26822,184502,Vocal,0.618,0.612,0.695,143.863,-6.582,1,8,0.719,0,0.922,0.281,0,275000,6,1958,22
26460,184502,Vocal,0.611,0.285,0.604,79.463,-10.225,1,0,0.837,0,0.102,0.0682,0,226360,55,1959,23
26592,184502,Vocal,0.177,0.216,0.162,80.141,-16.559,1,8,0.92,0.00449,0.102,0.036,0,214253,48,1959,23
26465,184502,Vocal,0.335,0.314,0.195,132.272,-11.878,1,10,0.842,0,0.147,0.0355,0,211480,35,1959,23
26774,184502,Vocal,0.232,0.174,0.141,88.226,-16.207,1,8,0.947,3.44E-05,0.108,0.0338,0,273760,35,1959,23
26849,184502,Vocal,0.608,0.373,0.559,117.9,-10.862,1,10,0.794,0,0.102,0.0551,0,269013,32,1959,23
26674,184502,Vocal,0.158,0.139,0.0707,84.621,-16.659,0,10,0.917,0.000777,0.0736,0.0321,0,232933,30,1959,23
26845,184502,Vocal,0.447,0.4,0.44,143.948,-11.451,0,9,0.737,0,0.0611,0.0792,0,190613,29,1959,23
26540,184502,Vocal,0.438,0.212,0.377,115.453,-14.081,1,0,0.82,0,0.116,0.0447,0,214347,27,1959,23
26499,184502,Vocal,0.23,0.14,0.0532,60.22,-18.305,1,10,0.836,0.00489,0.194,0.034,0,292827,25,1959,23
26511,184502,Vocal,0.396,0.213,0.392,81.741,-14.89,0,0,0.775,0,0.101,0.0468,0,236053,24,1959,23
26471,184502,Vocal,0.624,0.293,0.32,121.877,-10.973,0,7,0.877,0,0.0867,0.0501,0,185200,22,1959,23
26543,184502,Vocal,0.495,0.44,0.767,137.268,-10.029,1,1,0.312,0,0.301,0.0372,0,158413,21,1959,23
26545,184502,Vocal,0.259,0.114,0.133,105.24,-19.585,1,1,0.944,0.000852,0.119,0.0343,0,210427,21,1959,23
26632,184502,Vocal,0.668,0.286,0.462,114.279,-12.955,1,8,0.79,9.58E-06,0.0849,0.0764,0,206413,21,1959,23
26848,184502,Vocal,0.481,0.242,0.404,113.188,-10.149,1,10,0.801,0,0.205,0.0341,0,158333,21,1959,23
26458,184502,Vocal,0.651,0.277,0.451,118.41,-9.537,1,5,0.801,0,0.191,0.0693,0,142467,19,1959,23
26851,184502,Vocal,0.544,0.245,0.376,121.534,-12.462,1,5,0.867,0,0.11,0.037,0,191760,19,1959,23
26853,184502,Vocal,0.253,0.271,0.161,72.495,-12.943,0,11,0.795,0,0.149,0.0438,0,191160,19,1959,23
26428,184502,Vocal,0.552,0.239,0.257,133.159,-14.301,1,1,0.498,0,0.124,0.075,0,206147,18,1959,23
26445,184502,Vocal,0.278,0.219,0.22,93.709,-14.626,1,10,0.927,3.93E-06,0.0501,0.0344,0,213720,18,1959,23
26737,184502,Vocal,0.424,0.253,0.709,154.476,-12.726,1,10,0.776,0,0.0819,0.0325,0,152587,18,1959,23
26864,184502,Vocal,0.388,0.214,0.148,104.509,-12.632,0,0,0.932,0,0.206,0.0343,0,275467,18,1959,23
26412,184502,Vocal,0.475,0.267,0.5,119.45,-11.971,1,1,0.857,1.05E-05,0.105,0.0413,0,158213,17,1959,23
26658,184502,Vocal,0.496,0.336,0.46,134.276,-9.552,1,10,0.849,0,0.0962,0.0546,0,185573,17,1959,23
26423,184502,Vocal,0.246,0.367,0.398,81.151,-10.153,1,1,0.781,9.01E-06,0.336,0.0421,0,197387,16,1959,23
26676,184502,Vocal,0.297,0.173,0.193,58.469,-16.752,1,10,0.946,7.04E-05,0.249,0.0349,0,229227,16,1959,23
26730,184502,Vocal,0.53,0.37,0.839,138.789,-10.021,1,5,0.637,0,0.362,0.0656,0,129627,16,1959,23
26785,184502,Vocal,0.194,0.168,0.111,84.261,-16.483,1,8,0.918,0.00116,0.108,0.0344,0,205547,16,1959,23
26827,184502,Vocal,0.665,0.697,0.934,100.779,-7.101,1,8,0.639,0,0.0935,0.104,0,142333,16,1959,23
26426,184502,Vocal,0.538,0.185,0.374,117.314,-15.392,1,10,0.946,2.75E-06,0.129,0.0324,0,184960,15,1959,23
26441,184502,Vocal,0.449,0.508,0.485,137.493,-6.803,1,3,0.798,0,0.28,0.0681,0,242093,15,1959,23
26517,184502,Vocal,0.412,0.281,0.319,123.263,-14.041,1,1,0.381,0,0.306,0.0562,0,169533,15,1959,23
26857,184502,Vocal,0.418,0.501,0.658,137.776,-9.929,1,8,0.575,0.000272,0.16,0.0616,0,336573,15,1959,23
26867,184502,Vocal,0.292,0.129,0.105,84.284,-14.074,1,10,0.934,0,0.108,0.0341,0,188907,15,1959,23
26453,184502,Vocal,0.418,0.457,0.596,150.898,-7.014,0,2,0.772,0,0.33,0.0541,0,162040,14,1959,23
26457,184502,Vocal,0.266,0.142,0.223,83.831,-13.983,1,8,0.922,0,0.167,0.0382,0,226240,14,1959,23
26479,184502,Vocal,0.475,0.534,0.638,170.436,-7.845,0,11,0.672,0,0.19,0.164,0,150773,14,1959,23
26508,184502,Vocal,0.476,0.281,0.44,96.218,-10.959,1,0,0.815,0,0.0894,0.0586,0,153467,14,1959,23
26577,184502,Vocal,0.238,0.328,0.312,66.098,-11.658,1,7,0.788,0,0.0524,0.0366,0,188400,14,1959,23
26588,184502,Vocal,0.473,0.479,0.681,152.173,-6.557,1,5,0.806,0,0.156,0.0424,0,151067,14,1959,23
26603,184502,Vocal,0.171,0.233,0.116,88.421,-14.12,1,10,0.89,0.000236,0.107,0.0312,0,241600,14,1959,23
26829,184502,Vocal,0.471,0.305,0.327,121.095,-12.286,1,0,0.771,1.05E-06,0.0742,0.0383,0,190067,14,1959,23
26830,184502,Vocal,0.566,0.287,0.55,131.075,-11.475,0,5,0.566,2.99E-06,0.166,0.0616,0,151213,14,1959,23
26430,184502,Vocal,0.453,0.312,0.544,127.889,-12.756,1,8,0.823,3.37E-06,0.0752,0.0454,0,143027,13,1959,23
26440,184502,Vocal,0.317,0.134,0.179,129.442,-18.168,0,0,0.905,2.81E-05,0.0861,0.0364,0,206827,13,1959,23
26455,184502,Vocal,0.232,0.218,0.159,76.353,-16.582,1,7,0.711,0.00761,0.115,0.0376,0,234107,13,1959,23
26469,184502,Vocal,0.451,0.397,0.437,95.099,-11.92,1,5,0.792,1.49E-06,0.0566,0.0421,0,226893,13,1959,23
26549,184502,Vocal,0.493,0.36,0.415,134.08,-9.678,1,10,0.855,0,0.0761,0.0495,0,173280,13,1959,23
26566,184502,Vocal,0.373,0.257,0.4,107.98,-13.244,1,10,0.815,6.93E-06,0.178,0.0384,0,185933,13,1959,23
26638,184502,Vocal,0.36,0.21,0.332,137.314,-13.97,1,5,0.812,9.15E-06,0.0834,0.0366,0,191293,13,1959,23
26665,184502,Vocal,0.511,0.246,0.226,80.828,-10.768,1,10,0.84,0,0.195,0.0386,0,229493,13,1959,23
26668,184502,Vocal,0.295,0.34,0.443,77.17,-12.589,1,8,0.505,0,0.233,0.0501,0,179387,13,1959,23
26694,184502,Vocal,0.54,0.43,0.582,127.619,-9.736,1,8,0.772,0,0.298,0.0462,0,189987,13,1959,23
26695,184502,Vocal,0.254,0.0981,0.131,129.957,-18.117,1,8,0.919,0.00164,0.132,0.0364,0,189973,13,1959,23
26747,184502,Vocal,0.518,0.458,0.573,117.345,-8.438,1,10,0.728,0,0.379,0.0618,0,183160,13,1959,23
26860,184502,Vocal,0.601,0.153,0.465,110.326,-14.13,0,9,0.751,0.000149,0.0955,0.0284,0,170907,13,1959,23
26410,184502,Vocal,0.432,0.183,0.351,112.476,-15.452,1,10,0.803,4.86E-06,0.107,0.0308,0,204693,12,1959,23
26495,184502,Vocal,0.306,0.188,0.153,124.001,-14.089,1,1,0.888,1.39E-06,0.308,0.0372,0,240400,12,1959,23
26506,184502,Vocal,0.366,0.236,0.291,120.272,-12.465,1,10,0.85,0,0.113,0.0359,0,215813,12,1959,23
26575,184502,Vocal,0.492,0.613,0.807,123.255,-9.814,0,5,0.691,0,0.381,0.194,0,119867,12,1959,23
26586,184502,Vocal,0.524,0.28,0.595,106.107,-12.648,1,1,0.56,0,0.173,0.0337,0,162853,12,1959,23
26602,184502,Vocal,0.311,0.119,0.193,95.515,-16.168,1,10,0.916,2.81E-06,0.154,0.0334,0,210600,12,1959,23
26667,184502,Vocal,0.293,0.232,0.172,79.494,-13.615,1,10,0.66,0,0.123,0.0576,0,202987,12,1959,23
26815,184502,Vocal,0.333,0.228,0.231,98.835,-14.612,1,11,0.6,0.00011,0.201,0.0384,0,228587,12,1959,23
26841,184502,Vocal,0.499,0.292,0.356,114.339,-13.825,1,0,0.743,1.01E-05,0.118,0.0513,0,208693,12,1959,23
26870,184502,Vocal,0.673,0.11,0.484,93.378,-14.285,1,2,0.792,0,0.122,0.0895,0,170267,12,1959,23
26547,184502,Vocal,0.341,0.205,0.189,107.607,-14.009,1,10,0.822,0,0.135,0.0294,0,206067,11,1959,23
26691,184502,Vocal,0.555,0.289,0.496,68.763,-11.008,1,0,0.625,0,0.0448,0.0433,0,139573,11,1959,23
26770,184502,Vocal,0.456,0.187,0.214,99.074,-14.417,1,0,0.839,0,0.28,0.0399,0,219573,11,1959,23
26784,184502,Vocal,0.464,0.185,0.404,123.545,-12.55,1,8,0.849,0,0.112,0.0382,0,232267,11,1959,23
26801,184502,Vocal,0.289,0.191,0.138,69.19,-13.928,1,10,0.889,0,0.364,0.032,0,197733,11,1959,23
26767,184502,Vocal,0.281,0.165,0.244,202.198,-14.733,1,8,0.874,0,0.309,0.0561,0,184707,9,1959,23
26593,184502,Vocal,0.508,0.287,0.644,154.759,-12.472,1,1,0.764,0,0.153,0.0523,0,175987,40,1960,24
26678,184502,Vocal,0.427,0.19,0.279,125.367,-18.888,1,11,0.938,3.14E-06,0.533,0.0684,0,164000,39,1960,24
26446,184502,Vocal,0.579,0.502,0.836,76.816,-7.57,1,8,0.733,0,0.281,0.0513,0,131733,37,1960,24
26666,184502,Vocal,0.568,0.628,0.551,140.897,-10.244,1,8,0.697,0,0.488,0.106,0,313707,37,1960,24
26831,184502,Vocal,0.611,0.247,0.484,112.239,-9.038,1,7,0.961,2.74E-06,0.218,0.0419,0,175840,30,1960,24
26719,184502,Vocal,0.345,0.253,0.249,138.079,-10.555,0,3,0.983,2.91E-06,0.137,0.0404,0,212107,28,1960,24
26675,184502,Vocal,0.471,0.386,0.861,157.921,-8.139,1,3,0.85,0,0.161,0.0581,0,162360,25,1960,24
26474,184502,Vocal,0.407,0.688,0.617,148.249,-10.076,1,8,0.847,0,0.858,0.204,0,489573,24,1960,24
26673,184502,Vocal,0.598,0.315,0.641,119.846,-9.175,1,8,0.961,0,0.258,0.0429,0,171773,24,1960,24
26852,184502,Vocal,0.235,0.159,0.405,175.144,-19.552,0,10,0.898,0,0.958,0.0523,0,175747,23,1960,24
26724,184502,Vocal,0.545,0.465,0.759,150.42,-13.753,0,5,0.79,0,0.948,0.435,0,154160,20,1960,24
26500,184502,Vocal,0.691,0.704,0.865,119.059,-6.373,1,7,0.698,0,0.693,0.0634,0,142547,19,1960,24
26627,184502,Vocal,0.618,0.536,0.623,90.844,-12.195,0,0,0.746,0,0.929,0.495,0,210507,19,1960,24
26633,184502,Vocal,0.526,0.331,0.665,113.927,-9.004,1,8,0.932,0,0.0792,0.059,0,135333,19,1960,24
26850,184502,Vocal,0.521,0.136,0.357,76.433,-16.353,1,1,0.856,0,0.109,0.0477,0,180048,19,1960,24
26420,184502,Vocal,0.387,0.413,0.507,78.653,-14.524,1,3,0.782,0,0.84,0.218,0,212093,18,1960,24
26619,184502,Vocal,0.493,0.516,0.517,123.063,-13.487,0,7,0.804,0,0.959,0.35,0,184667,18,1960,24
26741,184502,Vocal,0.37,0.283,0.288,118.477,-15.486,1,1,0.919,0,0.364,0.0702,0,236267,17,1960,24
26855,184502,Vocal,0.573,0.51,0.896,79.943,-6.857,1,8,0.815,0,0.141,0.0852,0,138307,17,1960,24
26498,184502,Vocal,0.427,0.212,0.333,92.772,-15.847,1,8,0.787,0,0.325,0.0312,0,181187,16,1960,24
26649,184502,Vocal,0.224,0.16,0.0909,86.188,-12.478,1,0,0.941,9.07E-05,0.282,0.0334,0,165813,16,1960,24
26688,184502,Vocal,0.452,0.3,0.544,121.23,-11.946,0,0,0.749,0,0.255,0.0444,0,195747,15,1960,24
26839,184502,Vocal,0.519,0.343,0.613,113.028,-9.39,0,2,0.838,0,0.619,0.0456,0,137880,13,1960,24
26872,184502,Vocal,0.265,0.189,0.172,98,-11.848,1,3,0.984,9.84E-06,0.11,0.0331,0,215333,11,1960,24
26729,184502,Vocal,0.213,0.228,0.157,76.826,-12.806,1,8,0.976,0.000384,0.115,0.0344,0,224467,10,1960,24
26514,184502,Vocal,0.372,0.181,0.199,114.819,-11.883,1,1,0.977,9.05E-06,0.109,0.0366,0,220893,9,1960,24
26621,184502,Vocal,0.309,0.228,0.272,81.855,-13.601,1,8,0.906,0,0.189,0.0334,0,255893,37,1961,25
26622,184502,Vocal,0.263,0.282,0.228,63.849,-12.487,0,7,0.795,0,0.322,0.0518,0,315013,25,1961,25
26819,184502,Vocal,0.595,0.235,0.566,126.958,-14.262,1,10,0.761,0,0.309,0.045,0,216547,24,1961,25
26490,184502,Vocal,0.513,0.385,0.524,92.667,-9.985,1,8,0.792,0,0.0794,0.0368,0,212253,22,1961,25
26757,184502,Vocal,0.52,0.167,0.381,89.745,-13.711,0,2,0.778,0,0.12,0.0309,0,203680,17,1961,25
26448,184502,Vocal,0.498,0.451,0.585,199.24,-6.534,1,8,0.86,0,0.704,0.307,0,245360,16,1961,2386
26551,184502,Vocal,0.61,0.161,0.585,109.091,-14.338,1,8,0.794,0,0.0879,0.0379,0,243853,16,1961,25
26836,184502,Vocal,0.616,0.193,0.348,118.46,-12.465,0,7,0.656,0,0.0371,0.0495,0,220720,16,1961,25
26418,184502,Vocal,0.494,0.239,0.617,143.885,-12.706,1,0,0.734,0,0.0782,0.0683,0,164600,15,1961,25
26653,184502,Vocal,0.622,0.241,0.614,140.885,-11.973,0,0,0.756,0,0.153,0.0597,0,144253,14,1961,25
26395,184502,Vocal,0.412,0.399,0.705,165.934,-10.261,1,8,0.64,0,0.287,0.0747,0,250427,13,1961,25
26442,184502,Vocal,0.362,0.149,0.213,65.37,-14.801,1,7,0.892,0,0.335,0.0315,0,292053,13,1961,25
26731,184502,Vocal,0.214,0.18,0.159,80.49,-14.999,1,0,0.858,2.76E-06,0.129,0.0344,0,277733,13,1961,25
26861,184502,Vocal,0.237,0.253,0.164,90.853,-13.898,1,10,0.877,0,0.0748,0.0315,0,241440,12,1961,25
26574,184502,Vocal,0.431,0.24,0.364,93.379,-10.902,0,9,0.839,0,0.0967,0.0373,0,237827,11,1961,25
26805,184502,Vocal,0.396,0.181,0.377,129.716,-13.809,0,1,0.848,0,0.0926,0.0345,0,163827,10,1961,25
26828,184502,Vocal,0.34,0.149,0.165,64.372,-15.812,0,7,0.93,0,0.203,0.0316,0,321000,10,1961,25
26493,184502,Vocal,0.19,0.261,0.112,172.476,-11.873,0,5,0.921,0,0.147,0.0337,0,232947,9,1961,25
26555,184502,Vocal,0.33,0.209,0.111,70.863,-11.323,0,10,0.886,0,0.103,0.0294,0,310787,9,1961,25
26559,184502,Vocal,0.516,0.186,0.475,186.322,-12.712,1,8,0.785,0,0.109,0.166,0,240547,9,1961,25
26820,184502,Vocal,0.359,0.059,0.152,69.208,-19.565,1,5,0.931,0,0.0653,0.0347,0,210680,9,1961,25
26824,184502,Vocal,0.389,0.148,0.338,132.652,-16.239,0,5,0.867,0,0.177,0.0387,0,308587,9,1961,25
26660,184502,Vocal,0.551,0.49,0.721,74.031,-7.713,0,4,0.813,0,0.0832,0.0613,0,202227,36,1962,272
26413,184502,Vocal,0.332,0.367,0.422,73.966,-8.761,1,8,0.864,0,0.153,0.0323,0,214867,31,1962,272
26752,184502,Vocal,0.347,0.408,0.259,76.008,-8.727,1,7,0.829,0,0.123,0.0354,0,212200,24,1962,272
26740,184502,Vocal,0.209,0.255,0.0938,71.695,-11.028,1,5,0.896,0,0.12,0.0357,0,225133,22,1962,272
26475,184502,Vocal,0.25,0.239,0.312,167.58,-11.202,1,9,0.879,0,0.107,0.0354,0,195493,21,1962,272
26671,184502,Vocal,0.444,0.292,0.445,111.483,-10.016,1,3,0.776,0,0.156,0.0405,0,168573,21,1962,272
26613,184502,Vocal,0.395,0.314,0.391,106.538,-9.796,1,11,0.899,0,0.176,0.0292,0,166760,18,1962,272
26443,184502,Vocal,0.476,0.269,0.412,99.617,-12.042,1,10,0.802,0,0.0533,0.0326,0,197267,17,1962,272
26521,184502,Vocal,0.375,0.484,0.448,100.592,-8.368,1,9,0.864,0,0.333,0.0403,0,153907,15,1962,272
26456,184502,Vocal,0.412,0.525,0.484,116.808,-7.212,0,7,0.697,0,0.0961,0.0525,0,258973,14,1962,2387
26487,184502,Vocal,0.415,0.258,0.288,107.553,-10.626,1,5,0.847,0,0.115,0.03,0,165973,12,1962,272
26611,184502,Vocal,0.285,0.343,0.233,73.618,-9.765,1,8,0.862,0,0.25,0.0335,0,193933,12,1962,272
26630,184502,Vocal,0.386,0.27,0.31,80.71,-11.076,1,7,0.849,0,0.292,0.0314,0,196227,12,1962,272
26693,184502,Vocal,0.271,0.311,0.162,68.975,-10.142,1,8,0.81,0,0.19,0.031,0,228400,12,1962,272
26432,184502,Vocal,0.283,0.0738,0.223,72.034,-23.595,1,7,0.925,0,0.105,0.0763,0,246160,54,1963,7382
26534,184502,Vocal,0.565,0.132,0.365,121.241,-19.649,0,7,0.804,5.99E-06,0.114,0.068,0,212720,31,1963,7382
26536,184502,Vocal,0.107,0.104,0.0788,62.581,-17.843,1,7,0.986,0.011,0.111,0.039,0,268333,30,1963,27
26687,184502,Vocal,0.654,0.242,0.692,135.993,-15.297,0,2,0.729,0,0.032,0.0686,0,195960,30,1963,7382
26776,184502,Vocal,0.434,0.142,0.35,76.133,-17.219,1,5,0.918,0,0.0998,0.0363,0,192973,27,1963,7382
26769,184502,Vocal,0.614,0.193,0.73,171.596,-16.115,0,7,0.774,0,0.104,0.244,0,305960,26,1963,7382
26775,184502,Vocal,0.705,0.284,0.797,94.232,-13.785,0,10,0.81,0,0.147,0.224,0,160960,26,1963,7382
26790,184502,Vocal,0.644,0.202,0.541,102.631,-14.264,1,7,0.851,0,0.106,0.0417,0,184933,25,1963,7382
26818,184502,Vocal,0.525,0.26,0.446,117.466,-12.79,0,0,0.802,0,0.202,0.042,0,162667,25,1963,7382
26669,184502,Vocal,0.531,0.126,0.486,86.384,-16.764,1,7,0.902,3.72E-06,0.353,0.0411,0,195187,23,1963,7382
26736,184502,Vocal,0.503,0.274,0.371,108.828,-9.766,0,10,0.794,0,0.201,0.0396,0,195773,23,1963,2388
26759,184502,Vocal,0.67,0.211,0.445,111.593,-15.881,1,7,0.786,0,0.309,0.0807,0,244307,23,1963,7382
26512,184502,Vocal,0.462,0.499,0.855,79.552,-14.271,0,5,0.789,0,0.335,0.0813,0,199133,21,1963,7382
26538,184502,Vocal,0.215,0.0649,0.194,182.205,-20.512,1,1,0.949,1.26E-06,0.233,0.0376,0,196027,18,1963,7382
26768,184502,Vocal,0.318,0.206,0.184,85.996,-16.58,0,5,0.957,0.00091,0.17,0.0331,0,170760,17,1963,27
26625,184502,Vocal,0.494,0.189,0.293,137.836,-15.886,1,0,0.937,0,0.237,0.0674,0,193600,16,1963,27
26664,184502,Vocal,0.254,0.0393,0.0972,89.259,-20.957,1,1,0.905,0,0.0771,0.0362,0,197920,16,1963,7382
26477,184502,Vocal,0.59,0.0844,0.427,93.565,-22.265,0,0,0.874,0,0.145,0.0896,0,71000,15,1963,7382
26661,184502,Vocal,0.192,0.0853,0.111,60.442,-17.193,1,7,0.95,0.000388,0.345,0.0371,0,234400,15,1963,27
26532,184502,Vocal,0.614,0.284,0.488,138.88,-12.022,0,9,0.872,0,0.385,0.106,0,200667,14,1963,27
26608,184502,Vocal,0.248,0.0866,0.18,134.35,-19.118,1,8,0.977,0.00428,0.124,0.0358,0,224707,14,1963,27
26761,184502,Vocal,0.61,0.248,0.642,105.087,-12.389,0,9,0.599,0,0.173,0.0766,0,199533,13,1963,2388
26847,184502,Vocal,0.514,0.814,0.774,75.824,-6.124,1,0,0.798,0,0.297,0.0912,0,157200,29,1964,28
26789,184502,Vocal,0.183,0.146,0.116,175.639,-17.155,1,7,0.979,0.000705,0.268,0.0337,0,230800,24,1964,2389
26565,184502,Vocal,0.245,0.138,0.273,172.371,-16.295,1,8,0.973,0.00038,0.137,0.0349,0,192000,22,1964,2389
26505,184502,Vocal,0.422,0.319,0.882,171.798,-10.868,0,5,0.622,0,0.298,0.0511,0,153320,20,1964,2389
26804,184502,Vocal,0.211,0.126,0.0822,81.139,-16.154,0,9,0.966,0.000504,0.0834,0.0303,0,223560,18,1964,2389
26568,184502,Vocal,0.535,0.581,0.705,135.695,-7.882,1,5,0.741,0,0.121,0.0708,0,172027,17,1964,28
26645,184502,Vocal,0.323,0.174,0.136,70.4,-16.071,1,8,0.97,0.000344,0.143,0.0445,0,294933,14,1964,2389
26823,184502,Vocal,0.481,0.261,0.322,116.347,-12.99,1,7,0.558,2.18E-06,0.225,0.0335,0,409973,21,1965,1884
26758,184502,Vocal,0.489,0.339,0.513,95.315,-10.437,1,0,0.493,0,0.12,0.0549,0,291227,15,1965,1884
26766,184502,Vocal,0.464,0.0907,0.383,109.844,-17.416,0,0,0.8,0,0.154,0.0581,0,184000,28,1966,30
26472,184502,Vocal,0.586,0.378,0.65,149.536,-9.832,0,10,0.697,0,0.279,0.362,0,139493,25,1966,30
26746,184502,Vocal,0.551,0.262,0.676,146.832,-11.601,1,5,0.575,0,0.255,0.0593,0,215293,19,1966,30
26507,184502,Vocal,0.464,0.353,0.794,206.119,-13.201,1,1,0.624,0,0.915,0.128,0,436427,23,1967,4074
26765,184502,Vocal,0.385,0.053,0.128,67.971,-20.106,1,5,0.964,9.98E-05,0.135,0.0353,0,304960,20,1967,7352
26825,184502,Vocal,0.313,0.0831,0.127,78.133,-16.775,1,8,0.96,0,0.101,0.0409,0,233853,20,1967,7352
26781,184502,Vocal,0.501,0.208,0.209,83.676,-13.994,1,5,0.925,6.20E-06,0.119,0.0398,0,589267,28,1968,2393
26620,184502,Vocal,0.616,0.788,0.904,144.493,-7.074,1,1,0.645,0,0.0761,0.0553,0,154907,44,1969,33
26795,184502,Vocal,0.44,0.147,0.354,132.613,-12.761,0,8,0.963,0,0.1,0.0359,0,256867,51,1989,5096
26398,184502,Vocal,0.327,0.0332,0.14,91.975,-20.299,1,1,0.982,0,0.105,0.0364,0,377200,32,1989,5096
26429,184502,Vocal,0.608,0.356,0.748,199.399,-11.422,0,2,0.852,0.00231,0.0737,0.468,0,146427,43,1992,4444
26714,184502,Vocal,0.701,0.296,0.964,102.101,-9.821,1,4,0.889,1.98E-06,0.279,0.2,0,199227,52,1993,5302
26640,184502,Vocal,0.673,0.24,0.571,111.126,-15.916,1,10,0.678,0,0.0959,0.0596,0,228200,50,1993,3858
26580,184502,Vocal,0.491,0.154,0.36,95.261,-13.706,1,0,0.916,0,0.163,0.0839,0,187693,46,1995,6374
26722,184502,Vocal,0.663,0.264,0.657,122.482,-14.571,1,0,0.706,0,0.1,0.0914,0,354533,66,1997,4465
26578,184502,Vocal,0.563,0.136,0.368,104.928,-17.402,1,3,0.87,0,0.106,0.0683,0,280000,61,1997,4465
26569,184502,Vocal,0.409,0.105,0.239,81.884,-17.849,1,6,0.926,0,0.126,0.0484,0,342960,54,1997,4465
26624,184502,Vocal,0.499,0.0533,0.185,82.97,-18.771,0,9,0.929,0,0.0942,0.0477,0,377333,52,1997,4465
26793,184502,Vocal,0.372,0.0542,0.171,72.929,-18.745,1,8,0.967,1.53E-05,0.0738,0.0438,0,396973,49,1997,4465
26738,184502,Vocal,0.512,0.183,0.443,111.913,-15.675,1,5,0.843,0,0.132,0.0722,0,274200,47,1997,4465
26525,184502,Vocal,0.362,0.0387,0.139,170.937,-19.935,1,0,0.974,0.000171,0.0902,0.0448,0,223000,46,1997,4465
26726,184502,Vocal,0.309,0.0724,0.175,66.673,-17.143,1,5,0.944,0,0.156,0.0428,0,215507,42,1997,4465
26548,184502,Vocal,0.535,0.0801,0.245,96.707,-17.484,0,0,0.917,1.56E-05,0.185,0.0554,0,308867,41,1997,4465
26604,184502,Vocal,0.604,0.541,0.744,132.284,-8.676,0,5,0.371,0,0.808,0.0634,0,203627,45,1999,188
26610,184502,Vocal,0.655,0.367,0.53,74.764,-9.506,1,9,0.796,0,0.108,0.0472,0,181133,45,1999,3578
